{"cameraMode":{"drawMode":0,"name":"Shaded","section":"Shading Mode"},"sceneLighting":false,"audioPlay":false,"sceneViewState":{"showFog":true,"showMaterialUpdate":false,"showSkybox":true,"showFlares":true,"showImageEffects":true,"showParticleSystems":true},"in2DMode":false,"pivot":{"x":0.6069653034210205,"y":-0.45593810081481936,"z":-1.5454493761062623},"rotation":{"x":-0.05566851422190666,"y":-0.9423853754997253,"z":0.26233533024787905,"w":-0.19997763633728028},"size":3.8853747844696047,"orthographic":false}