{"cameraMode":{"drawMode":0,"name":"Shaded","section":"Shading Mode"},"sceneLighting":false,"audioPlay":false,"sceneViewState":{"showFog":true,"showMaterialUpdate":false,"showSkybox":true,"showFlares":true,"showImageEffects":true,"showParticleSystems":true},"in2DMode":false,"pivot":{"x":-0.06404304504394531,"y":0.19883275032043458,"z":-0.22507411241531373},"rotation":{"x":0.010071485303342343,"y":0.947020947933197,"z":0.02984103187918663,"w":-0.3196239173412323},"size":1.2928035259246827,"orthographic":false}