{"cameraMode":{"drawMode":0,"name":"Shaded","section":"Shading Mode"},"sceneLighting":false,"audioPlay":false,"sceneViewState":{"showFog":true,"showMaterialUpdate":false,"showSkybox":true,"showFlares":true,"showImageEffects":true,"showParticleSystems":true},"in2DMode":false,"pivot":{"x":409.5299987792969,"y":202.22000122070313,"z":0.0},"rotation":{"x":0.029557019472122194,"y":-0.9659811854362488,"z":0.22261472046375276,"w":0.12825535237789155},"size":423.37042236328127,"orthographic":false}