{"cameraMode":{"drawMode":0,"name":"Shaded","section":"Shading Mode"},"sceneLighting":false,"audioPlay":false,"sceneViewState":{"showFog":true,"showMaterialUpdate":false,"showSkybox":true,"showFlares":true,"showImageEffects":true,"showParticleSystems":true},"in2DMode":false,"pivot":{"x":-0.45547062158584597,"y":-0.017189612612128259,"z":0.8308584094047546},"rotation":{"x":0.03133394196629524,"y":0.9607385993003845,"z":-0.12169777601957321,"w":0.24736465513706208},"size":1.1582987308502198,"orthographic":false}