{"cameraMode":{"drawMode":0,"name":"Shaded","section":"Shading Mode"},"sceneLighting":true,"audioPlay":false,"sceneViewState":{"showFog":true,"showMaterialUpdate":false,"showSkybox":true,"showFlares":true,"showImageEffects":true,"showParticleSystems":true},"in2DMode":false,"pivot":{"x":-29.384689331054689,"y":1.462082862854004,"z":17.577184677124025},"rotation":{"x":-0.0028701522387564184,"y":0.9806532859802246,"z":-0.19521763920783997,"w":-0.014420024119317532},"size":10.06295394897461,"orthographic":false}