{"cameraMode":{"drawMode":0,"name":"Shaded","section":"Shading Mode"},"sceneLighting":true,"audioPlay":false,"sceneViewState":{"showFog":true,"showMaterialUpdate":false,"showSkybox":true,"showFlares":true,"showImageEffects":true,"showParticleSystems":true},"in2DMode":false,"pivot":{"x":31.689838409423829,"y":12.134620666503907,"z":-8.341333389282227},"rotation":{"x":0.1388516128063202,"y":-0.5754329562187195,"z":0.09990134090185166,"w":0.7997773885726929},"size":1.9229562282562256,"orthographic":true}