{"cameraMode":{"drawMode":0,"name":"Shaded","section":"Shading Mode"},"sceneLighting":true,"audioPlay":false,"sceneViewState":{"showFog":true,"showMaterialUpdate":false,"showSkybox":true,"showFlares":true,"showImageEffects":true,"showParticleSystems":true},"in2DMode":false,"pivot":{"x":429.39349365234377,"y":207.705810546875,"z":334.8831787109375},"rotation":{"x":-0.004495738074183464,"y":0.044078197330236438,"z":-0.00019881356274709105,"w":-0.9990224242210388},"size":296.41949462890627,"orthographic":false}